Name,Latitude,Longitude,Time_Minutes,demand_presence
Unnamed,12.9264174,77.6813903,936,1
Unnamed,12.9378609,77.720771,1165,0
Unnamed,12.965141,77.7200002,140,0
Unnamed,12.9168532,77.5743928,333,0
Unnamed,12.8492789,77.7700303,479,0
Unnamed,12.9564556,77.7103785,381,1
Unnamed,12.9492814,77.5874943,1332,0
Unnamed,12.8650851,77.611183,357,0
Car Parking,12.9671478,77.7119744,680,0
Unnamed,12.9791998,77.6643102,925,0
Unnamed,12.9901763,77.5993575,1052,0
Unnamed,13.0085476,77.692047,820,0
Unnamed,13.1659566,77.7009344,1255,0
Unnamed,12.9044466,77.6021748,678,0
Unnamed,12.9806569,77.6300852,168,0
Unnamed,12.9767452,77.7308163,1404,0
Unnamed,12.9231073,77.6952835,930,1
Unnamed,12.9953929,77.7271507,12,0
Unnamed,12.8993298,77.748667,645,1
Unnamed,12.955524,77.717437,53,0
Unnamed,12.9648033,77.7233981,790,0
Unnamed,13.1285529,77.5860983,91,0
Unnamed,12.9133272,77.6770662,1261,1
Unnamed,13.1105522,77.6029573,1000,1
Unnamed,13.0463472,77.6202646,133,0
Unnamed,12.9663931,77.5745407,296,1
Unnamed,12.9809596,77.7162014,1168,1
Multi-Level Car Parking,12.9436708,77.6922842,1265,1
Parking for Doctors and Staff,12.9582774,77.6484206,1199,0
Unnamed,12.9016036,77.7068958,386,0
Unnamed,13.0433157,77.6641581,370,1
Unnamed,12.9368898,77.6954211,1420,1
Unnamed,12.9231073,77.6952835,1155,0
Unnamed,13.0834156,77.6009905,345,1
Unnamed,12.9742285,77.718614,356,0
Unnamed,12.9913583,77.5957321,353,0
Unnamed,13.0292759,77.5416797,1082,1
Unnamed,12.95629,77.7005487,1393,0
Unnamed,12.9374682,77.6950557,580,1
Unnamed,12.9094562,77.6871514,648,1
MLCP,12.973945,77.7101089,725,0
Unnamed,12.965145,77.7071833,1088,1
Unnamed,13.0421887,77.609782,320,1
Unnamed,12.9823518,77.7170103,321,1
Unnamed,12.9885678,77.728258,905,0
Unnamed,12.9306936,77.6109325,1147,1
Unnamed,12.909283,77.687667,34,1
Unnamed,13.0871384,77.5907117,1260,0
Unnamed,12.9937845,77.7312799,459,0
Unnamed,12.861642,77.5293012,85,0
Unnamed,12.9200373,77.6964976,444,0
Parking space,13.0782251,77.5783013,1328,1
Unnamed,12.9750374,77.7227193,410,1
Unnamed,12.7812034,77.6304185,140,0
Unnamed,13.0210697,77.7650932,313,1
S V Road Metro Station Parking,12.9854707,77.6450177,856,1
Unnamed,12.9181445,77.6713817,188,0
Unnamed,12.9742849,77.7081935,596,1
Unnamed,13.0055636,77.692097,497,1
Car Parking,13.0634054,77.7488946,502,1
Unnamed,13.0461056,77.7490687,701,0
Unnamed,12.9375777,77.7244578,892,1
Unnamed,13.1436058,77.6781339,512,1
Unnamed,12.9809872,77.6097916,1171,1
Unnamed,13.0309257,77.6424542,79,0
Unnamed,12.8936344,77.6009517,316,0
Unnamed,13.1659566,77.7009344,927,1
Unnamed,12.9219875,77.6733157,1421,1
Unnamed,12.7820097,77.7375902,324,0
Unnamed,13.0057001,77.5533393,402,0
Unnamed,13.1436058,77.6781339,814,0
Unnamed,13.0574683,77.6417806,147,0
Unnamed,12.9544302,77.517345,493,1
Unnamed,13.037762,77.6195653,1011,0
SRR5,12.9272576,77.6846237,1059,0
Unnamed,12.9668617,77.6120194,782,0
Unnamed,12.9168532,77.5743928,1363,1
Unnamed,12.9862165,77.7013554,387,1
Unnamed,13.1454186,77.678868,1141,1
Unnamed,12.9021083,77.5195704,1380,0
Unnamed,12.8509118,77.6639767,498,1
DTP Shuttle Parking,12.9695492,77.7230075,1394,0
Unnamed,12.9786993,77.6640755,689,0
Unnamed,12.9423393,77.5967958,230,1
Urbanrise Parking,12.9154589,77.6440957,187,0
Unnamed,12.9702274,77.7144481,576,1
Unnamed,12.9094064,77.6874083,411,0
Unnamed,12.9268676,77.6813324,8,1
BBMP Parking,12.9807726,77.6029595,4,0
Unnamed,12.9772682,77.6002223,841,0
Unnamed,12.9958428,77.5511823,519,1
Unnamed,13.1282654,77.5867303,1051,1
Unnamed,12.9509614,77.7182257,846,0
Unnamed,12.9665139,77.69879,238,0
Unnamed,13.1503179,77.6090569,1289,1
Unnamed,13.0354229,77.6524347,999,0
Unnamed,13.1834289,77.7249143,1163,0
Unnamed,12.91454,77.6784999,692,1
Unnamed,12.8742801,77.6184498,477,0
Unnamed,12.9869202,77.5905377,978,0
Unnamed,12.984465,77.7507444,303,0
Unnamed,12.9769504,77.7257705,312,1
Unnamed,12.9756307,77.7540484,387,1
Unnamed,12.9299847,77.7373955,1166,1
Unnamed,12.9802489,77.7137729,242,0
Unnamed,12.9858304,77.7025739,770,1
Unnamed,12.8739749,77.6189916,656,1
Unnamed,13.0138435,77.5556843,381,1
Poornima Palace Convention Center Parking,12.9261814,77.5014285,972,1
Unnamed,13.0438297,77.5956507,1015,1
Unnamed,12.9021246,77.5195065,183,0
Unnamed,13.0989167,77.5821729,821,1
Unnamed,12.8451948,77.6616576,590,1
Unnamed,12.953255,77.6496204,906,0
Unnamed,12.9243254,77.6847356,1139,1
Unnamed,12.9385733,77.7258887,919,0
Unnamed,12.856469,77.5403581,1028,0
Unnamed,12.9769978,77.5983091,696,0
Unnamed,12.9843056,77.6946419,526,1
Unnamed,12.9809872,77.6097916,349,0
Unnamed,13.1834289,77.7249143,1114,1
Unnamed,13.0365008,77.5318882,1067,0
Unnamed,12.9253012,77.6655021,554,1
Unnamed,12.9727138,77.5956761,1197,0
Unnamed,13.1211383,77.6120192,1389,0
Unnamed,12.9799094,77.6094796,939,0
Unnamed,12.9516854,77.6438005,764,0
Unnamed,13.046122,77.7491706,140,1
Unnamed,12.9113423,77.5847589,1162,1
Unnamed,12.8623885,77.610949,1117,0
Unnamed,12.9808426,77.7165036,159,0
Unnamed,13.0294273,77.5701202,448,1
Unnamed,12.8075957,77.6946285,560,1
Unnamed,13.0801641,77.6398686,433,1
Visitor Parking,12.9943836,77.7054883,1300,1
Unnamed,12.9746588,77.6199624,1279,0
Unnamed,12.9684729,77.5921395,711,1
Unnamed,12.9729752,77.6048563,1219,1
Unnamed,12.9467034,77.6192239,1121,0
Unnamed,13.0212268,77.7649813,920,0
Unnamed,12.965145,77.7071833,388,0
Unnamed,13.1776603,77.7224387,1233,1
Unnamed,13.0824608,77.642568,1054,1
Unnamed,12.9957104,77.6256227,627,1
Yeswantapur Station Parking,13.0240474,77.5505854,484,1
Unnamed,12.9834533,77.708425,562,1
Unnamed,12.9437571,77.6052945,678,0
Unnamed,13.0508798,77.5958679,683,0
Unnamed,13.134097,77.5884184,733,0
Unnamed,12.974217,77.7188766,1046,0
Unnamed,12.9853606,77.5898794,1043,1
Unnamed,12.9325161,77.7393474,730,1
St. Patrick's Parking Complex,12.9711234,77.6063959,1381,1
Unnamed,12.7812034,77.6304185,821,1
Unnamed,12.978532,77.6401871,963,1
Unnamed,12.8966312,77.5400544,651,1
Unnamed,13.058564,77.5860657,941,0
Unnamed,12.9434479,77.6978145,789,0
Unnamed,12.8729878,77.6179945,511,1
Unnamed,12.8957113,77.4626268,797,0
Unnamed,13.192353,77.6441091,673,1
Unnamed,12.9106195,77.6854683,492,1
Unnamed,12.9831576,77.728639,748,0
MLCP,12.973945,77.7101089,394,1
Unnamed,12.9674723,77.7142297,996,1
Unnamed,12.8950497,77.656782,187,0
Unnamed,12.9739212,77.6190124,1178,0
Unnamed,12.9857212,77.7369748,208,0
Unnamed,12.8636702,77.4373619,328,0
Unnamed,12.8878337,77.7036683,1267,1
Unnamed,12.9806398,77.7104085,764,1
Unnamed,12.9745596,77.615909,191,0
Unnamed,12.8568838,77.5407351,883,0
Unnamed,12.9618747,77.7164657,96,0
Unnamed,12.8713137,77.6105212,933,0
St Philomena's Parking Lot,12.9657076,77.6105949,372,0
Unnamed,13.0290841,77.5653317,1292,1
Unnamed,12.9719855,77.5874219,696,0
Unnamed,12.9578529,77.6152553,538,1
Unnamed,13.0541365,77.5910794,1220,1
Unnamed,13.0012299,77.6180941,1227,0
Unnamed,13.0139044,77.5644725,197,1
Unnamed,12.9754996,77.7269482,1336,1
Unnamed,13.144289,77.6777977,1062,1
Unnamed,12.9806327,77.6569437,134,1
Unnamed,12.8428289,77.7694809,399,1
Unnamed,12.7808992,77.6308451,1108,0
Unnamed,12.9381668,77.5160725,1245,0
Unnamed,12.9120571,77.6820636,1353,0
Unnamed,12.9755619,77.6023338,782,0
Unnamed,12.9210607,77.6518183,456,1
Unnamed,12.9718981,77.7262757,296,0
Visitors'Car Park,12.9583701,77.7073911,897,0
Unnamed,12.9847826,77.5874595,781,1
Unnamed,13.0422639,77.5988093,182,1
Unnamed,13.0167354,77.6363977,899,1
Faculty Parking,12.9667335,77.7121018,1233,0
Unnamed,12.97249,77.7173883,344,0
Unnamed,12.8906495,77.5856423,726,1
Unnamed,13.1782631,77.7215181,1090,1
Unnamed,12.9219875,77.6733157,246,0
Unnamed,12.9834533,77.708425,182,0
Unnamed,12.9867107,77.744173,525,1
Unnamed,12.94119,77.690054,1247,1
Visitors'Car Park,12.9583701,77.7073911,334,1
Unnamed,12.9625664,77.7202544,1031,1
Visitor Parking,12.93009,77.609979,492,1
Unnamed,12.856469,77.5403581,846,1
Unnamed,13.0327329,77.6310282,31,0
Unnamed,13.046122,77.7491706,963,0
Unnamed,12.9893201,77.7130137,921,0
SRR5,12.9272576,77.6846237,1269,1
Unnamed,13.0464452,77.5003122,1224,0
Unnamed,12.9806398,77.7104085,310,0
Unnamed,12.9732552,77.728748,204,0
Unnamed,12.9094064,77.6874083,338,1
Unnamed,12.958662,77.7457121,1221,1
Unnamed,12.8847537,77.552217,1171,0
Unnamed,13.1852505,77.680881,290,1
Unnamed,12.9631427,77.7249586,1211,1
Unnamed,12.984427,77.7498349,1158,1
Car Parking,12.9669387,77.7122574,1243,1
Unnamed,12.9435283,77.6914367,1034,0
Unnamed,13.1425967,77.6819948,300,0
Unnamed,12.9690331,77.7493353,948,1
Unnamed,12.9560629,77.7214253,1054,0
Unnamed,12.9385822,77.7212378,450,0
Unnamed,12.9118695,77.6825553,1190,1
Unnamed,12.9700896,77.586329,734,0
Unnamed,12.9569346,77.6559626,829,0
Unnamed,12.9777819,77.6590894,888,0
Wipro MLCP,12.8386843,77.6539084,551,1
Unnamed,13.0320911,77.6304389,948,1
Unnamed,12.9806327,77.6569437,991,0
Unnamed,12.9403377,77.6883525,1389,0
Mysore Road Metro Parking,12.9459713,77.5285412,314,0
Unnamed,12.9077815,77.5640714,1271,1
Car Parking,12.9671478,77.7119744,350,1
Unnamed,12.9429795,77.6904696,63,1
Unnamed,12.931041,77.6757599,412,1
Unnamed,13.0851924,77.6434724,981,0
Unnamed,12.9136791,77.6520414,1254,1
Rajajinagar Metro Parking,12.9980855,77.5503864,1202,0
Unnamed,12.93266,77.6864041,348,1
Unnamed,13.2013505,77.6904818,280,0
Unnamed,12.8177422,77.6907029,1027,0
Unnamed,12.9572309,77.736623,1338,1
Unnamed,12.9560307,77.7167548,369,1
Unnamed,12.8964028,77.5400774,1268,1
Whitefield Station Car Park,12.9969162,77.7613581,567,1
Unnamed,12.9021083,77.5195704,3,1
Unnamed,12.9620077,77.575163,891,0
Unnamed,12.9436613,77.6915776,154,0
Unnamed,12.9754996,77.7269482,192,0
Unnamed,12.8998789,77.668308,854,0
Unnamed,13.1362075,77.5592601,469,1
Unnamed,13.0286374,77.5681712,233,0
Unnamed,12.9958262,77.5944936,1166,0
Unnamed,12.9375767,77.6951516,739,0
Unnamed,12.9385822,77.7212378,742,1
Unnamed,13.1102413,77.6027756,524,1
Unnamed,12.977199,77.7100513,4,0
Unnamed,12.9796614,77.5890907,830,0
Unnamed,13.1916466,77.6445436,123,1
Unnamed,12.9124261,77.6803709,476,1
Unnamed,12.9957104,77.6256227,216,0
Unnamed,13.1817032,77.7285279,1093,1
Unnamed,12.8176716,77.6906709,1265,1
Unnamed,12.8991816,77.7507274,455,1
Unnamed,12.9264174,77.6813903,164,0
Unnamed,13.0100931,77.5568588,121,0
Unnamed,12.9756715,77.7252649,1367,1
Unnamed,13.1458104,77.6794861,618,1
Mysore Road Metro Parking,12.9460614,77.5299864,795,0
Unnamed,13.0486365,77.5578083,1239,0
Unnamed,12.8566723,77.5403879,990,0
Unnamed,13.0354229,77.6524347,288,1
Unnamed,12.9780338,77.6092396,1075,0
Unnamed,12.9801172,77.6171958,1217,0
Unnamed,12.9639361,77.7332302,1215,0
Unnamed,12.8468587,77.7761659,775,0
Unnamed,12.906206,77.5868938,1001,1
Unnamed,12.9085231,77.6836859,1119,1
Unnamed,12.874897,77.6100203,447,0
Unnamed,12.9181393,77.4986178,1383,0
Unnamed,12.9875327,77.7348527,1101,1
Unnamed,12.9799094,77.6094796,868,1
Unnamed,12.9378416,77.7202524,979,1
Unnamed,13.1041793,77.5970123,476,1
Unnamed,12.9615697,77.731465,1323,0
Unnamed,13.1607906,77.6356132,283,1
Unnamed,13.184187,77.7241516,1003,0
Unnamed,12.8949622,77.6031826,1322,0
Unnamed,12.9567904,77.7459607,1357,0
Unnamed,13.0998944,77.5889863,95,0
Unnamed,13.0290965,77.5671142,865,0
Unnamed,12.9617652,77.6383237,1098,0
Unnamed,13.0834156,77.6009905,103,0
Unnamed,13.0643808,77.6481257,688,0
Unnamed,12.9857963,77.7514293,340,0
Unnamed,13.1282164,77.5874768,546,1
Unnamed,12.9224516,77.5058466,743,1
Unnamed,12.9549422,77.5598651,33,0
Unnamed,12.9244693,77.6400492,506,1
Unnamed,12.9632167,77.7224283,1092,0
Unnamed,13.099952,77.5878857,51,0
Unnamed,13.0686215,77.5852187,1438,1
Unnamed,12.9751472,77.587776,446,0
Unnamed,12.8626053,77.4362032,98,0
Unnamed,12.9769504,77.7257705,737,0
Unnamed,13.1174404,77.6346837,607,1
Unnamed,12.9429795,77.6904696,196,0
Bus Parking,12.9771372,77.7417922,212,0
Unnamed,13.0552646,77.5931512,970,0
Unnamed,12.9846908,77.748942,416,1
Unnamed,12.9812558,77.6142756,145,0
Unnamed,12.9177249,77.5013217,1111,1
Unnamed,12.9832408,77.5196867,1193,1
Unnamed,13.0813521,77.6406169,941,1
Unnamed,12.9542679,77.5715111,1325,1
Unnamed,12.9808798,77.7170208,1212,0
Unnamed,12.8740978,77.6181608,1427,0
Unnamed,13.1082869,77.5795207,1167,0
Unnamed,12.9700247,77.6053376,745,1
VBHC Vaibhava Visitor Parking,12.7577978,77.7038337,75,0
Unnamed,13.0608156,77.6600374,914,0
Unnamed,12.9039228,77.6632401,43,0
Unnamed,13.0486365,77.5578083,828,1
Unnamed,12.9552337,77.7282102,979,1
Unnamed,12.9615697,77.731465,395,1
Unnamed,12.956409,77.7134668,1410,0
Unnamed,12.9733739,77.5727335,88,0
Unnamed,12.8769328,77.5431615,815,1
Unnamed,12.9719855,77.5874219,736,1
Unnamed,12.9501557,77.7182265,287,1
Unnamed,12.8722996,77.6103144,895,0
Unnamed,12.9564355,77.7286376,1311,0
Unnamed,13.0081306,77.7611908,370,0
Visitor's Parking,12.9732983,77.5661175,1327,1
Unnamed,13.0016358,77.6392922,1263,1
Unnamed,13.1458104,77.6794861,1139,0
Unnamed,12.9204804,77.666925,427,1
Unnamed,12.9213629,77.6852881,724,1
Unnamed,12.931041,77.6757599,1043,0
Unnamed,12.929107,77.6182408,933,0
Unnamed,12.8468587,77.7761659,1217,1
Unnamed,12.8431924,77.7715704,575,1
Unnamed,12.9751703,77.5954424,553,1
Unnamed,12.9333895,77.6895095,879,0
Unnamed,12.9958262,77.5944936,740,1
Unnamed,12.9094711,77.687139,725,1
Unnamed,13.1607906,77.6356132,1207,0
Unnamed,12.9210677,77.6957995,1256,0
Unnamed,12.9746934,77.6064538,210,0
Unnamed,13.0327329,77.6310282,606,1
Unnamed,12.9560002,77.7301108,157,1
Unnamed,12.935319,77.5353097,1195,0
Unnamed,12.9618747,77.7164657,187,1
Car/Bike Parking,12.8452817,77.6637626,332,1
Unnamed,12.8947908,77.4615701,1149,1
Unnamed,12.93738,77.6963961,1223,1
Unnamed,13.049731,77.6234394,583,1
Unnamed,13.1425967,77.6819948,547,1
Unnamed,12.9632167,77.7224283,156,1
Unnamed,12.9616955,77.7150067,788,0
Unnamed,12.8008177,77.5781215,600,1
Unnamed,12.9161047,77.6653999,855,0
Unnamed,12.9074127,77.6944064,1382,1
Unnamed,12.9736358,77.6075002,850,0
Car Parking,12.9669387,77.7122574,710,0
Unnamed,12.9338103,77.7223083,977,0
Belair Parking,12.9567773,77.7090077,969,1
Unnamed,12.8721491,77.6106211,224,0
HSR Layout BDA Complex,12.914374,77.6372124,1217,1
Unnamed,12.8714816,77.6618344,903,0
Unnamed,13.192353,77.6441091,674,0
Unnamed,12.9955423,77.7280911,754,0
Unnamed,12.984427,77.7498349,275,0
Unnamed,12.9490897,77.7174982,727,0
Unnamed,13.050498,77.5293089,699,0
Unnamed,12.9306173,77.610659,968,1
Unnamed,12.9120571,77.6820636,1126,1
Unnamed,12.9995219,77.6251133,1223,0
Unnamed,12.9378416,77.7202524,447,0
Unnamed,12.9808798,77.7170208,877,1
Unnamed,12.9293572,77.6108711,1327,1
Unnamed,12.9625664,77.7202544,1200,0
Unnamed,12.8588297,77.6626939,456,0
Unnamed,12.9146838,77.675971,1078,1
Unnamed,13.0462389,77.7492148,946,0
Food Bay and KFC Parking,13.0321509,77.569575,1361,1
Unnamed,12.8991816,77.7507274,937,0
Unnamed,13.0463472,77.6202646,1105,1
Unnamed,12.9756575,77.6988658,1073,1
Unnamed,12.8569668,77.5417933,698,0
Unnamed,13.0718976,77.5812127,642,1
Unnamed,12.9837312,77.7510979,327,0
Unnamed,12.8451948,77.6616576,697,0
Visitor Parking,12.93009,77.609979,375,0
Unnamed,12.8748985,77.6099358,451,0
Unnamed,12.9700761,77.7148016,1168,0
DTP Shuttle Parking,12.9695492,77.7230075,1266,1
Unnamed,12.8966312,77.5400544,1143,0
Unnamed,12.9772892,77.5730595,1121,0
Unnamed,12.9751472,77.587776,851,1
Urbanrise Parking,12.9154589,77.6440957,1073,1
Unnamed,12.9524618,77.6406214,2,0
Unnamed,12.953255,77.6496204,463,1
Unnamed,12.9560002,77.7301108,357,0
Unnamed,12.9473984,77.7157871,778,0
Unnamed,12.9679159,77.6000217,268,1
Unnamed,12.9920249,77.7459887,339,1
Unnamed,12.9566862,77.7324099,936,1
Visitors' parking,12.958048,77.6478068,229,0
Unnamed,12.9213297,77.6709501,838,0
Unnamed,13.1458339,77.6801205,1044,1
Unnamed,12.9918484,77.5950918,1256,1
Unnamed,12.9656331,77.7187148,1088,0
Unnamed,13.0552646,77.5931512,983,1
High Court Public Parking Area,12.9792143,77.5932747,385,0
Unnamed,12.9213297,77.6709501,784,1
Car/Bike Parking,12.8452817,77.6637626,60,0
Unnamed,12.8615133,77.6609114,1143,0
Unnamed,12.9146838,77.675971,1322,0
Unnamed,12.9627901,77.7201462,1410,0
Unnamed,12.9381394,77.5934368,40,0
Unnamed,12.9319897,77.6935726,734,1
Unnamed,12.9646837,77.7144632,443,0
Unnamed,12.8571862,77.5396328,1233,1
Unnamed,13.1222342,77.5916367,983,1
Unnamed,12.8177422,77.6907029,1192,1
Unnamed,12.9845821,77.5831199,890,1
Unnamed,12.9193817,77.7367841,1439,0
Unnamed,13.1100421,77.6026542,756,1
St Philomena's Parking Lot,12.9657076,77.6105949,378,1
Unnamed,12.97121,77.7247836,464,0
Unnamed,12.9564414,77.71008,955,0
Unnamed,12.9111218,77.6763148,1171,1
Unnamed,12.9729805,77.7234997,29,0
Unnamed,12.9749101,77.7285107,966,1
Unnamed,12.929107,77.6182408,1186,1
Unnamed,12.8626363,77.6105899,181,0
Unnamed,12.9846908,77.748942,158,0
Unnamed,13.0611442,77.6597545,182,0
Unnamed,12.8799515,77.5442129,979,1
Unnamed,13.1840472,77.6792702,486,1
Unnamed,12.9733739,77.5727335,585,1
Unnamed,12.865004,77.6111548,1254,0
Unnamed,12.9127961,77.6806615,784,0
Unnamed,12.9656331,77.7187148,1132,1
Unnamed,12.9763218,77.7265881,436,0
Unnamed,12.9044466,77.6021748,559,1
Unnamed,12.908195,77.6925946,386,1
Unnamed,12.9743292,77.5959768,67,0
Unnamed,13.0002234,77.6403265,1199,1
Unnamed,12.9736358,77.6075002,564,1
Unnamed,12.9739212,77.6190124,705,1
Unnamed,12.9731315,77.6126188,1230,1
Unnamed,13.0714311,77.5775127,1082,1
Unnamed,12.8713137,77.6105212,1215,1
Unnamed,12.9995219,77.6251133,1087,1
Unnamed,12.9381394,77.5934368,446,1
Unnamed,12.8962348,77.5410935,715,0
Rajajinagar Metro Parking,12.9980855,77.5503864,328,1
Unnamed,13.0139044,77.5644725,294,0
Unnamed,12.9310558,77.6787008,857,1
Unnamed,12.9792089,77.5881985,797,0
Unnamed,12.9085603,77.6835162,939,1
Unnamed,13.0851924,77.6434724,643,1
Unnamed,12.861642,77.5293012,1410,1
Unnamed,12.9857212,77.7369748,685,1
Unnamed,12.9520108,77.6991522,329,0
Unnamed,13.2297166,77.5489535,418,0
Poornima Palace Convention Center Parking,12.9261814,77.5014285,261,0
Unnamed,13.0859157,77.6185906,777,0
Unnamed,12.9094591,77.5658464,716,0
Unnamed,12.8954558,77.6569494,1171,0
Unnamed,12.8938216,77.5661396,84,0
Unnamed,12.9190287,77.6681436,305,1
Unnamed,12.9924592,77.7267347,326,0
Unnamed,12.9742849,77.7081935,1414,0
Unnamed,12.959086,77.7175223,414,1
Unnamed,12.9701453,77.7153665,747,0
Unnamed,13.071624,77.502552,1019,1
Unnamed,12.9748356,77.5910155,308,1
Unnamed,12.9937845,77.7312799,1346,1
Unnamed,12.8966439,77.5698511,5,0
Unnamed,13.0464452,77.5003122,1196,1
Unnamed,12.9744674,77.6056743,438,1
Unnamed,12.9117844,77.6747695,45,0
Unnamed,13.050498,77.5293089,1087,1
Unnamed,12.9731281,77.6198345,1023,0
Unnamed,13.0401656,77.5195447,47,1
Unnamed,12.9743029,77.5840986,1086,0
Unnamed,13.0704909,77.5104078,425,0
Unnamed,12.9869202,77.5905377,1293,1
Unnamed,12.9649546,77.5916965,1305,1
Unnamed,12.8739749,77.6189916,1386,0
Unnamed,12.9347623,77.7206601,1070,1
Unnamed,13.1655937,77.7023962,332,1
Unnamed,12.9375777,77.7244578,811,0
MLCP,13.0468291,77.6184532,153,0
Unnamed,12.9306936,77.6109325,154,0
Unnamed,12.9592958,77.6490487,1312,1
Unnamed,12.8768027,77.6181018,418,0
Unnamed,12.847,77.7765459,358,0
Unnamed,12.8748985,77.6099358,491,1
Unnamed,12.9564414,77.71008,810,1
Unnamed,12.9597476,77.7169071,695,1
Unnamed,12.9965411,77.7027882,337,1
Unnamed,12.9627901,77.7201462,391,1
Unnamed,13.1105522,77.6029573,326,0
Vydehi Staff Parking,12.9757684,77.7282961,894,1
Unnamed,12.9435283,77.6914367,522,1
Unnamed,12.9195329,77.6681762,1228,1
Unnamed,12.9478414,77.5921494,1338,0
Unnamed,13.1102413,77.6027756,112,0
Unnamed,12.9610991,77.7169517,406,1
Unnamed,12.9809957,77.5907693,402,1
Unnamed,13.1443752,77.6805845,313,1
MLCP,13.0468291,77.6184532,1330,1
Unnamed,12.9883027,77.7073494,523,1
Unnamed,12.8741063,77.6182895,614,1
Unnamed,12.8958428,77.5412227,446,1
Unnamed,12.9365347,77.6936198,1390,1
Unnamed,12.7808992,77.6308451,1085,1
Unnamed,13.1187721,77.5955505,334,0
Unnamed,12.9564355,77.7286376,770,1
Unnamed,12.9699913,77.7143339,1289,1
Unnamed,13.0081306,77.7611908,1431,1
Unnamed,12.9756307,77.7540484,353,0
Unnamed,13.146953,77.6188425,707,0
Unnamed,12.9939817,77.7010211,1166,0
Unnamed,12.9913583,77.5957321,1094,1
Unnamed,12.9350928,77.5326405,447,0
Unnamed,12.8743442,77.6195723,293,1
Unnamed,12.9421107,77.6923924,217,0
Unnamed,12.9639541,77.5839269,29,0
Unnamed,12.9941533,77.584946,419,0
MLCP,13.1276634,77.6181199,483,1
Unnamed,12.9743029,77.5840986,1109,1
Unnamed,13.144289,77.6777977,1026,0
Unnamed,13.0463393,77.5010802,731,0
Unnamed,12.9775723,77.5991396,587,1
Unnamed,12.8906495,77.5856423,48,0
Unnamed,12.9142594,77.6771939,1036,0
Unnamed,12.9445647,77.6942024,717,1
Unnamed,12.9243254,77.6847356,282,0
Unnamed,12.8739625,77.6196581,1140,0
Unnamed,12.9641294,77.7237252,1340,1
Unnamed,12.9133272,77.6770662,911,0
Unnamed,13.0482532,77.5285824,827,1
Unnamed,12.96262,77.7204522,676,0
Unnamed,13.1916466,77.6445436,1062,0
Unnamed,12.9472659,77.7182218,1269,1
Unnamed,12.8428289,77.7694809,938,0
Unnamed,12.9965411,77.7027882,1186,0
Unnamed,12.9639361,77.7332302,422,1
Unnamed,12.9751703,77.5954424,1304,0
Unnamed,12.9874446,77.7284196,595,1
Unnamed,12.9932822,77.7061571,545,1
Unnamed,13.0004357,77.67531,312,1
Unnamed,12.9210677,77.6957995,158,1
Vydhehi Hospital Parking,12.9763584,77.7273869,84,0
Unnamed,13.1100421,77.6026542,907,0
Unnamed,12.8626363,77.6105899,333,1
Unnamed,12.8743442,77.6195723,1166,0
Unnamed,12.93738,77.6963961,737,0
Unnamed,12.9731281,77.6198345,495,1
Unnamed,12.9791998,77.6643102,1173,1
Unnamed,12.9808275,77.7165973,703,0
Unnamed,13.1282595,77.5616531,1414,0
Unnamed,13.0718568,77.6579962,289,1
VBHC Vaibhava Visitor Parking,12.7577978,77.7038337,1355,1
Metro Cash & Carry Parking,12.9268686,77.5025614,534,1
Yeswantapur Station Parking,13.0240474,77.5505854,1231,0
Unnamed,12.9223733,77.6682478,1066,0
Unnamed,12.9097058,77.6807573,280,0
Unnamed,12.9436613,77.6915776,742,1
Unnamed,12.9757582,77.5881768,739,1
Unnamed,12.8981588,77.6382929,473,1
CAIR Parking,12.9863459,77.6675557,897,0
Bhagini Iris Parking,12.9555691,77.7291025,992,0
Unnamed,12.9517049,77.6417407,545,1
Unnamed,12.9421107,77.6923924,1202,1
Unnamed,12.9278776,77.6813284,112,0
Unnamed,12.9537268,77.617389,1382,0
Unnamed,12.935319,77.5353097,143,1
Unnamed,12.9730996,77.7180293,29,0
Unnamed,13.0643808,77.6481257,283,1
Unnamed,12.9330896,77.6860077,1102,1
Alliance Francaise Parking,12.9917805,77.5970422,974,1
Unnamed,12.9956822,77.7288885,313,0
Unnamed,12.8919019,77.7496634,1147,1
Unnamed,13.1282164,77.5874768,345,0
Unnamed,13.1641245,77.6295219,1043,0
Unnamed,12.9119032,77.6816953,247,0
Unnamed,13.071624,77.502552,47,0
Unnamed,12.9316607,77.617038,1168,1
Unnamed,12.9883553,77.5601895,600,1
Unnamed,12.9565792,77.7194465,893,0
Unnamed,12.8936344,77.6009517,1268,1
Unnamed,13.0320911,77.6304389,839,0
Unnamed,12.9620077,77.575163,157,1
Unnamed,12.9988593,77.6409942,1031,1
Unnamed,12.9331803,77.6132694,1317,1
Unnamed,12.9224516,77.5058466,65,0
Unnamed,12.9490897,77.7174982,1402,1
Unnamed,12.8930358,77.6015096,142,0
BMS College Parking,12.9415122,77.5665212,663,1
Unnamed,12.8160382,77.5116235,1000,1
Unnamed,13.0575848,77.5928122,1121,1
Unnamed,13.0344495,77.5347058,522,1
Unnamed,12.9545646,77.6521839,706,0
Unnamed,12.9584788,77.5929537,997,0
Unnamed,12.9621111,77.6159685,115,0
Unnamed,12.9765555,77.7171958,96,1
Unnamed,13.0016358,77.6392922,723,0
Unnamed,12.9613563,77.6845241,756,0
Unnamed,13.1160897,77.6069999,120,1
Unnamed,12.8732939,77.610183,1435,0
Unnamed,12.896121,77.5994696,388,0
Unnamed,12.8738644,77.6196031,1128,0
Unnamed,12.9724677,77.6189261,409,1
Unnamed,12.9937765,77.5881301,884,1
Unnamed,12.9545646,77.6521839,928,1
Unnamed,12.9786993,77.6640755,1001,1
Wipro MLCP,12.8386843,77.6539084,74,0
Unnamed,12.9750374,77.7227193,299,0
Unnamed,12.8160382,77.5116235,230,0
Unnamed,13.134097,77.5884184,1227,1
Unnamed,13.1823,77.7235709,775,1
Unnamed,12.937595,77.6957081,313,1
Unnamed,12.9532195,77.6893818,1076,0
Unnamed,12.9960159,77.6875373,904,0
Unnamed,12.9896251,77.6534089,1200,0
Unnamed,12.9755667,77.6041393,926,0
Unnamed,12.8964028,77.5400774,835,0
Mysore Road Metro Parking,12.9460614,77.5299864,654,1
Unnamed,12.8647497,77.6116913,369,1
Unnamed,12.9491436,77.5917198,831,0
Unnamed,13.1503179,77.6090569,913,0
Unnamed,12.9742285,77.718614,609,1
Infosys Car Parking,12.8483467,77.6615861,950,1
Unnamed,13.0155824,77.7625736,1179,1
Unnamed,13.0871384,77.5907117,1064,1
Unnamed,12.8622743,77.7705003,1308,0
Unnamed,12.9383979,77.6262855,1407,1
Unnamed,12.9901121,77.6008376,1126,0
Unnamed,12.9146525,77.6760493,1259,0
Unnamed,12.9163635,77.6127752,151,1
Unnamed,12.9761403,77.6360204,786,0
Unnamed,12.9881267,77.6939017,560,1
Unnamed,12.9587748,77.6563249,711,1
Unnamed,12.8566535,77.5404585,1299,0
Unnamed,12.8626053,77.4362032,1224,1
Unnamed,12.9702274,77.7144481,792,0
Unnamed,12.9365347,77.6936198,1118,0
Unnamed,12.8878337,77.7036683,11,0
Unnamed,12.9893201,77.7130137,1089,1
Unnamed,12.9720237,77.6060138,291,0
Unnamed,12.9556921,77.7149651,917,0
Unnamed,12.8397461,77.6643203,774,0
Unnamed,12.8636702,77.4373619,506,1
Unnamed,12.8919019,77.7496634,1124,0
Unnamed,12.9937384,77.7004239,355,1
Unnamed,12.9901763,77.5993575,874,1
Unnamed,12.8843772,77.7265518,557,1
Unnamed,12.9777494,77.5706624,375,1
Unnamed,12.9701015,77.6105053,610,1
Unnamed,12.96262,77.7204522,714,1
Unnamed,12.9596884,77.646585,1117,1
Unnamed,12.9113423,77.5847589,402,0
Unnamed,12.8721161,77.6100114,403,0
Unnamed,12.956409,77.7134668,588,1
Unnamed,12.9630042,77.7180481,1127,0
Unnamed,12.9896251,77.6534089,600,1
Unnamed,12.8949949,77.7428788,688,0
Unnamed,12.9977837,77.5920993,785,0
Unnamed,12.8888356,77.4530447,852,0
Unnamed,12.9787748,77.5874357,801,1
Unnamed,12.9777494,77.5706624,429,0
Unnamed,12.9587748,77.6563249,1078,0
Unnamed,12.961761,77.6848525,389,1
ABBS Parking,13.0036666,77.483436,55,0
Unnamed,12.9271599,77.5026526,1024,1
Unnamed,13.0288262,77.5671375,1283,1
Unnamed,12.8615133,77.6609114,718,1
Unnamed,12.9571545,77.7362091,1245,1
Unnamed,12.8952398,77.5981915,548,1
Unnamed,12.984224,77.7071092,1348,1
Unnamed,12.847,77.7765459,1349,1
Unnamed,12.9021246,77.5195065,1293,1
Unnamed,12.9867107,77.744173,146,0
Unnamed,12.9316512,77.6835793,592,1
Unnamed,13.0704909,77.5104078,673,1
Unnamed,12.9847826,77.5874595,75,0
Unnamed,12.9775723,77.5991396,909,0
Unnamed,12.9204146,77.6823675,715,1
Unnamed,12.9767062,77.7425082,214,0
Unnamed,12.8720059,77.6107726,1145,1
Unnamed,12.9639541,77.5839269,734,1
Unnamed,12.9862165,77.7013554,430,0
Unnamed,12.9758213,77.6085734,528,1
Unnamed,12.9735775,77.6075216,868,0
Food Bay and KFC Parking,13.0321509,77.569575,124,0
Unnamed,12.9724677,77.6189261,1085,0
Unnamed,12.9804432,77.7166957,206,0
Unnamed,12.941345,77.6900547,400,1
Unnamed,12.8741808,77.6185403,835,0
Unnamed,13.1452711,77.6807494,1335,1
Unnamed,12.9289919,77.5803437,1255,1
Unnamed,12.9150884,77.6838038,1018,0
Unnamed,12.9920249,77.7459887,100,0
Nagasandra Metro Station Parking,13.0483046,77.5009929,370,0
Unnamed,12.9099868,77.6860154,156,0
Unnamed,12.981109,77.6095309,1327,1
Unnamed,12.9958028,77.7296965,159,0
Unnamed,12.9995786,77.5888588,992,1
Unnamed,13.0668969,77.5447816,1106,1
Unnamed,13.1282646,77.5867656,816,1
Unnamed,12.9200694,77.6670111,743,1
Unnamed,12.9039228,77.6632401,273,1
Unnamed,13.1211383,77.6120192,1027,1
Unnamed,12.9621111,77.6159685,1250,1
Unnamed,12.9223733,77.6682478,1114,1
Unnamed,12.9644393,77.7205983,1397,0
Unnamed,12.9085603,77.6835162,108,0
Unnamed,12.8949622,77.6031826,603,1
Unnamed,12.904298,77.6643139,1041,0
Unnamed,12.8540815,77.6596954,424,1
Unnamed,12.9757061,77.5546569,888,1
Unnamed,13.0231854,77.5506307,690,0
Unnamed,12.9127961,77.6806615,632,1
Unnamed,12.9641294,77.7237252,237,0
Unnamed,12.9804432,77.7166957,1313,1
Unnamed,13.1938134,77.6445445,416,1
Unnamed,12.8933972,77.5812782,298,0
MLCP,13.0480676,77.623598,1046,0
Unnamed,12.9700247,77.6053376,1382,0
Unnamed,12.9731315,77.6126188,1116,0
Unnamed,12.9885678,77.728258,724,1
Unnamed,13.0365008,77.5318882,1234,1
Unnamed,12.9570354,77.7354039,761,0
Unnamed,12.9831576,77.728639,1241,1
Unnamed,12.8887734,77.5963255,183,0
Unnamed,12.9574956,77.6447377,1218,1
Unnamed,12.9732552,77.728748,578,1
Unnamed,12.8949949,77.7428788,1348,1
Unnamed,12.9064077,77.5924803,695,1
Unnamed,12.9613777,77.5997347,1242,1
Unnamed,12.8492789,77.7700303,1111,1
Byappanahalli Station Parking,12.9930558,77.652711,1403,1
Unnamed,13.0001079,77.5713779,460,1
Belair Parking,12.9567773,77.7090077,361,0
Unnamed,12.9509117,77.6990772,346,1
Unnamed,12.9796614,77.5890907,1102,1
Multi level Car parking,12.9922795,77.7301365,1370,0
Unnamed,12.872188,77.6097919,306,1
Unnamed,12.862733,77.6103683,414,0
Unnamed,12.9178005,77.672108,260,0
Unnamed,12.9725006,77.6432842,411,1
Unnamed,12.9564181,77.7102317,540,1
Live100 Parking,12.8790359,77.6453553,1066,1
Unnamed,13.145685,77.6781517,864,0
Unnamed,12.9552337,77.7282102,1003,0
Unnamed,12.9918484,77.5950918,1209,0
Unnamed,12.9745596,77.615909,1215,1
Unnamed,13.1782631,77.7215181,1381,0
Unnamed,12.8947908,77.4615701,464,0
Unnamed,12.8981588,77.6382929,294,0
Unnamed,12.9144446,77.6370005,32,0
Unnamed,12.8649286,77.6098073,993,1
Unnamed,12.9755619,77.6023338,382,1
Unnamed,13.0299058,77.6512379,1235,1
Unnamed,13.0801641,77.6398686,770,0
Unnamed,12.9596709,77.6664707,543,1
Unnamed,13.028958,77.5704731,299,1
Unnamed,12.8952398,77.5981915,456,0
Unnamed,12.9752218,77.6030152,481,1
Unnamed,12.889846,77.5975709,1312,0
Unnamed,12.9566466,77.6420331,472,1
Unnamed,12.8622743,77.7705003,1238,1
Unnamed,12.9679159,77.6000217,706,0
Unnamed,12.9213629,77.6852881,1303,0
PSK Parking,12.9312547,77.6841813,622,1
Unnamed,12.9492814,77.5874943,600,1
Unnamed,12.984224,77.7071092,943,0
Unnamed,12.957002,77.7058803,1197,1
MLCP,13.1265402,77.5865892,416,0
Unnamed,12.9564299,77.7287973,1182,1
Unnamed,13.0859889,77.6156267,129,1
Unnamed,12.9748356,77.5910155,776,0
Unnamed,12.9644393,77.7205983,579,1
Unnamed,12.9959122,77.7303369,1152,0
Unnamed,12.8571862,77.5396328,293,0
Unnamed,12.8621938,77.6653144,1256,0
Unnamed,12.908195,77.6925946,1302,0
High Court Public Parking Area,12.9792143,77.5932747,1100,1
Unnamed,12.9569346,77.6559626,347,1
Unnamed,12.9246268,77.681488,316,0
Unnamed,13.0290965,77.5671142,261,1
Unnamed,12.9940764,77.7061392,1037,1
Unnamed,12.9699913,77.7143339,372,0
Unnamed,12.9844761,77.6919463,1258,1
Unnamed,13.0541365,77.5910794,741,0
Unnamed,12.9377232,77.6951113,977,0
Unnamed,12.8543671,77.5099122,172,1
Chowdiah Hall Parking,13.0076112,77.5753073,720,0
Unnamed,12.8402688,77.6647468,345,1
Unnamed,13.0096341,77.5527841,1131,0
Unnamed,12.9613777,77.5997347,48,0
Unnamed,12.9295545,77.7310891,1049,0
Unnamed,12.9763218,77.7265881,387,1
Unnamed,12.9790695,77.7240592,833,0
Unnamed,12.8944211,77.5413579,69,0
Unnamed,12.9932049,77.7191263,233,0
CAIR Parking,12.9863459,77.6675557,359,1
Unnamed,12.8566535,77.5404585,469,1
Unnamed,12.9937765,77.5881301,1392,0
Unnamed,12.985015,77.7512984,388,1
Unnamed,13.0422639,77.5988093,830,0
Unnamed,12.9172203,77.6715192,1239,0
Unnamed,12.957106,77.57228,219,1
Unnamed,13.0463393,77.5010802,591,1
Unnamed,12.9361016,77.6963878,785,0
Unnamed,12.9151546,77.6633953,172,0
Unnamed,12.8888356,77.4530447,1101,1
Unnamed,12.9350928,77.5326405,745,1
Unnamed,12.9958028,77.7296965,612,1
Unnamed,12.8727008,77.649204,248,0
Unnamed,13.0057001,77.5533393,1039,1
Unnamed,12.9293572,77.6108711,1198,0
Unnamed,12.9727138,77.5956761,489,1
Unnamed,12.9106195,77.6854683,1321,0
Unnamed,12.8800952,77.6922763,588,1
Unnamed,12.9756715,77.7252649,1112,0
Unnamed,12.9289919,77.5803437,934,0
Unnamed,12.9560307,77.7167548,252,0
Chowdiah Hall Parking,13.0076112,77.5753073,406,1
Unnamed,12.9295545,77.7310891,1151,1
Byappanahalli Station Parking,12.9912665,77.6518427,457,0
Unnamed,12.9730996,77.7180293,293,1
Unnamed,13.043313,77.5448003,451,1
Unnamed,12.9375224,77.6955083,1256,1
Unnamed,12.9875943,77.7347901,883,1
Unnamed,12.8401798,77.6292819,331,0
Unnamed,12.9306173,77.610659,1118,0
Unnamed,12.9524618,77.6406214,986,1
Unnamed,12.9264859,77.678354,433,0
Visitor Car parking,13.0632329,77.7493726,1434,0
Unnamed,12.8847537,77.552217,429,1
Unnamed,13.1285529,77.5860983,1328,1
Unnamed,12.9560709,77.7187894,3,0
Unnamed,12.9956822,77.7288885,305,1
Unnamed,12.9117844,77.6747695,1137,1
Unnamed,12.8431924,77.7715704,663,0
Unnamed,12.8721491,77.6106211,1160,1
Unnamed,12.8402688,77.6647468,395,0
Unnamed,12.8650851,77.611183,1069,1
Unnamed,12.9748198,77.6973866,1137,1
Unnamed,12.9701453,77.7153665,870,1
Unnamed,12.9749101,77.7285107,270,0
Unnamed,13.146953,77.6188425,551,1
Public Parking,12.9427192,77.5947846,261,0
Unnamed,12.9843599,77.5977294,1114,0
Unnamed,12.9875943,77.7347901,164,0
Unnamed,12.9074127,77.6944064,919,0
Unnamed,13.1601612,77.7045621,1175,0
Unnamed,13.1820966,77.5597481,311,1
MLCP,13.0513852,77.6207577,1392,0
Nayandahalli Metro Station Parking,12.9412761,77.5251559,359,1
Unnamed,13.1817032,77.7285279,1189,0
SKRCC Parking,12.9548433,77.7166691,1294,1
Unnamed,12.9838915,77.6030181,1092,0
Unnamed,12.8732939,77.610183,477,1
Unnamed,12.9377232,77.6951113,1393,1
Unnamed,12.9729752,77.6048563,758,0
Unnamed,12.8755358,77.5446708,285,0
St. Patrick's Parking Complex,12.9711234,77.6063959,171,0
Unnamed,13.0424465,77.616481,1311,1
Unnamed,13.1041793,77.5970123,452,0
Unnamed,13.0231854,77.5506307,763,1
SKRCC Parking,12.9548433,77.7166691,305,0
Unnamed,12.8058396,77.6936492,433,0
Byappanahalli Station Parking,12.9912665,77.6518427,1250,1
Unnamed,12.9810798,77.6143781,461,1
Unnamed,13.0714311,77.5775127,753,0
Unnamed,12.9246136,77.492508,296,1
Unnamed,12.9571545,77.7362091,937,0
Unnamed,12.9091485,77.5680739,1432,0
Unnamed,12.9630042,77.7180481,376,1
Unnamed,12.8620031,77.5304173,490,1
Unnamed,12.9932822,77.7061571,891,0
Unnamed,13.0096341,77.5527841,515,1
Unnamed,12.9094711,77.687139,338,0
Unnamed,12.9761403,77.6360204,926,1
Unnamed,12.9756575,77.6988658,58,0
Unnamed,12.9485706,77.6444333,398,0
Unnamed,13.1282595,77.5616531,353,1
Unnamed,12.9823518,77.7170103,1152,0
Infosys Car Parking,12.8423943,77.6603118,1023,1
Unnamed,12.9953929,77.7271507,277,1
Unnamed,12.9342282,77.6042845,1206,0
Unnamed,12.958662,77.7457121,1393,0
Unnamed,12.9630259,77.6629456,1092,0
Unnamed,12.9960159,77.6875373,1156,1
Unnamed,12.94119,77.690054,1009,0
Unnamed,13.184187,77.7241516,285,1
Unnamed,12.8620031,77.5304173,22,0
Unnamed,12.9568554,77.5599455,1423,1
Unnamed,13.0002234,77.6403265,1057,0
Unnamed,12.957106,77.57228,856,0
Unnamed,12.9808275,77.7165973,1124,1
Unnamed,12.8177174,77.6906414,337,1
Unnamed,12.95629,77.7005487,421,1
Unnamed,12.9935199,77.5982521,937,0
Unnamed,12.9772892,77.5730595,1295,1
Unnamed,12.9368898,77.6954211,1137,0
Unnamed,13.2297166,77.5489535,892,1
Unnamed,12.8836516,77.5485198,458,1
Whitefield TTMC Parking,12.9768104,77.7268777,711,1
Unnamed,12.9932049,77.7191263,375,1
Unnamed,12.9568554,77.5599455,443,0
Unnamed,12.8509118,77.6639767,911,0
Unnamed,12.9859659,77.6909928,1038,0
Unnamed,12.8944211,77.5413579,416,1
Unnamed,12.9748198,77.6973866,741,0
Unnamed,12.9780338,77.6092396,472,1
Unnamed,12.9700896,77.586329,501,1
Unnamed,12.925479,77.6819295,1081,0
Unnamed,13.0273537,77.5701989,942,0
Unnamed,12.9316512,77.6835793,15,0
Unnamed,12.9630259,77.6629456,1007,1
Unnamed,12.9837312,77.7510979,536,1
Unnamed,12.9977837,77.5920993,375,1
Unnamed,12.9843056,77.6946419,249,0
Unnamed,12.9395769,77.6278967,601,1
Unnamed,12.9809957,77.5907693,946,0
Unnamed,12.965141,77.7200002,540,1
Unnamed,12.9632228,77.6820878,811,1
Unnamed,12.9210607,77.6518183,807,0
Unnamed,12.97121,77.7247836,480,1
Unnamed,12.9674281,77.6401489,383,0
Unnamed,12.8799515,77.5442129,347,0
Unnamed,13.0288262,77.5671375,886,0
Unnamed,12.9901121,77.6008376,949,1
Unnamed,13.0103385,77.5490758,1057,1
Unnamed,12.9285587,77.6844647,537,1
Unnamed,12.9757061,77.5546569,457,0
Unnamed,12.9537268,77.617389,1412,1
Unnamed,12.9843599,77.5977294,1366,1
Unnamed,13.1944226,77.6958967,234,0
Unnamed,12.9746588,77.6199624,316,1
Unnamed,12.8622133,77.6113902,757,0
Unnamed,12.8176716,77.6906709,244,0
Unnamed,12.9939817,77.7010211,324,1
Unnamed,12.9350768,77.7206078,341,1
PSK Parking,12.9312547,77.6841813,20,0
Unnamed,12.957807,77.6145188,575,1
Unnamed,12.9674164,77.5744481,638,1
Unnamed,12.8741063,77.6182895,836,0
Unnamed,12.9336065,77.6970865,482,1
Unnamed,13.1082869,77.5795207,311,1
Unnamed,13.0574683,77.6417806,579,1
MLCP,13.013734,77.5559627,788,1
Unnamed,12.9597467,77.7304628,978,1
Unnamed,12.9024039,77.6861704,620,1
Unnamed,12.9246136,77.492508,184,0
Unnamed,13.0718976,77.5812127,5,0
Unnamed,12.8075957,77.6946285,1224,0
Unnamed,12.93266,77.6864041,1331,0
Mysore Road Metro Parking,12.9459713,77.5285412,106,1
Unnamed,12.9235468,77.4999966,552,1
Unnamed,12.8739696,77.6186416,925,1
Unnamed,13.0567866,77.6297566,1257,1
Unnamed,13.099952,77.5878857,388,1
Unnamed,12.8864477,77.5959876,1138,0
Unnamed,12.8543671,77.5099122,793,0
Bhagini Parking Lot,12.9590955,77.6548097,363,0
Unnamed,13.2013505,77.6904818,1251,1
Unnamed,12.9118695,77.6825553,1295,0
Unnamed,12.9150884,77.6838038,548,1
Unnamed,12.9812522,77.7154076,1052,0
Unnamed,12.8822262,77.4691817,834,1
Unnamed,13.0461056,77.7490687,551,1
Unnamed,12.8768027,77.6181018,388,1
Unnamed,13.0686215,77.5852187,753,0
Unnamed,13.0426349,77.6509112,952,1
Unnamed,12.8653516,77.6099964,390,1
Unnamed,12.9564344,77.7131333,1365,1
Unnamed,12.9767452,77.7308163,708,1
Unnamed,12.9549422,77.5598651,1158,1
Unnamed,12.9958428,77.5511823,262,0
Unnamed,12.9801172,77.6171958,377,1
Unnamed,12.9298499,77.6105745,223,0
Unnamed,13.0567866,77.6297566,705,0
Unnamed,12.8058396,77.6936492,831,1
Unnamed,12.9617652,77.6383237,520,1
Unnamed,12.9509614,77.7182257,1367,1
ABBS Parking,13.0036666,77.483436,635,1
Bus Parking,12.9771372,77.7417922,447,1
Unnamed,12.9278776,77.6813284,262,1
Unnamed,13.1655937,77.7023962,245,0
Unnamed,12.9810798,77.6143781,805,0
Unnamed,13.0323596,77.6306873,686,0
Unnamed,12.9302626,77.6115494,1240,1
Unnamed,12.889846,77.5975709,756,1
Unnamed,12.9649546,77.5916965,324,0
Unnamed,12.9180321,77.6716196,1153,0
Unnamed,13.0212268,77.7649813,1314,1
Unnamed,12.9868145,77.5909339,974,0
Unnamed,12.9564299,77.7287973,260,0
Unnamed,12.9491436,77.5917198,1179,1
Parking space,13.0782251,77.5783013,749,0
Unnamed,12.9758213,77.6085734,5,0
Unnamed,13.1245287,77.5464207,1092,1
Unnamed,12.9625463,77.5750835,256,1
Unnamed,12.974727,77.600664,298,0
Unnamed,12.9194694,77.5987574,146,0
Unnamed,12.7820097,77.7375902,1111,1
Unnamed,12.8649185,77.6096985,298,1
Unnamed,12.9193817,77.7367841,1169,1
Unnamed,12.9371839,77.6963827,755,0
Unnamed,12.9615636,77.7322223,1139,1
Unnamed,12.9092778,77.663822,364,1
Unnamed,13.058564,77.5860657,1419,1
Unnamed,13.0859157,77.6185906,1211,1
Unnamed,12.8569668,77.5417933,1370,1
Unnamed,12.9700761,77.7148016,321,1
Unnamed,12.9277775,77.6813608,765,0
Byappanahalli Station Parking,12.9930558,77.652711,1205,0
Unnamed,12.937595,77.6957081,363,0
Unnamed,12.9371839,77.6963827,644,1
MLCP,13.0497007,77.6196542,1239,1
Unnamed,13.1174404,77.6346837,381,0
Unnamed,13.1343883,77.5687227,700,0
Unnamed,13.0668969,77.5447816,147,0
Unnamed,12.8930462,77.6006795,1277,1
Unnamed,12.9911737,77.5952278,510,1
Unnamed,13.037762,77.6195653,1093,1
Unnamed,13.0401656,77.5195447,431,0
Unnamed,12.9350768,77.7206078,789,0
Unnamed,12.9719287,77.7116831,1160,0
Unnamed,12.8721161,77.6100114,1079,1
Unnamed,12.9172203,77.6715192,525,1
Vydehi Staff Parking,12.9757684,77.7282961,217,0
Unnamed,12.9473984,77.7157871,400,1
Unnamed,12.9859659,77.6909928,954,1
Unnamed,12.981438,77.6403652,1393,1
Unnamed,12.9690886,77.7353979,362,0
Unnamed,12.862733,77.6103683,1331,1
Unnamed,12.9646837,77.7144632,732,1
Wipro SEZ Car Parking,12.8390579,77.6534187,1181,0
Unnamed,13.0708604,77.5027661,1319,1
Unnamed,12.9674281,77.6401489,444,1
Unnamed,12.8938216,77.5661396,336,1
Unnamed,12.985015,77.7512984,1023,0
Unnamed,12.9085231,77.6836859,789,0
Unnamed,13.1448897,77.6806971,674,1
Unnamed,13.1840472,77.6792702,671,0
Unnamed,12.974727,77.600664,444,1
Unnamed,12.9671814,77.5700618,1046,0
Unnamed,12.9661296,77.6139346,691,0
Unnamed,12.9501557,77.7182265,874,0
Unnamed,13.1601612,77.7045621,744,1
Unnamed,12.9478414,77.5921494,1373,1
Unnamed,12.9769978,77.5983091,750,1
Unnamed,12.8568838,77.5407351,1252,1
Unnamed,13.0459435,77.500712,1254,1
Unnamed,13.028958,77.5704731,1404,0
Unnamed,12.9843513,77.7510649,1375,1
Unnamed,12.9243168,77.6816506,1058,0
Unnamed,12.9522147,77.7239571,1240,0
Unnamed,12.984465,77.7507444,940,1
Unnamed,12.9632228,77.6820878,385,0
Visitor's Parking,13.0605689,77.6414038,1127,1
Unnamed,12.9908676,77.5832444,745,0
Unnamed,13.0859889,77.6156267,1216,0
Unnamed,13.0309257,77.6424542,1094,1
Unnamed,12.9520108,77.6991522,1070,1
Nayandahalli Metro Station Parking,12.9412761,77.5251559,1031,0
Unnamed,12.8930462,77.6006795,403,0
Unnamed,12.9807185,77.7201609,446,1
Visitor's Parking,12.9732983,77.5661175,1224,0
Unnamed,13.1820966,77.5597481,818,0
Unnamed,12.9325161,77.7393474,472,0
Whitefield TTMC Parking,12.9768104,77.7268777,1415,0
Unnamed,12.9286722,77.7386379,1323,0
Unnamed,12.9421915,77.6972025,1352,1
Unnamed,12.9838915,77.6030181,1080,1
Unnamed,12.9286722,77.7386379,916,1
Unnamed,12.9316607,77.617038,135,0
Unnamed,12.9378609,77.720771,1321,1
Unnamed,12.9616955,77.7150067,972,1
Unnamed,12.9720237,77.6060138,1171,1
Unnamed,12.8401798,77.6292819,22,1
Unnamed,13.0162431,77.5668329,393,0
Unnamed,12.978532,77.6401871,993,0
Unnamed,12.8800952,77.6922763,48,0
Unnamed,13.0154096,77.6509149,1394,0
Unnamed,12.9491325,77.5919626,851,1
Unnamed,13.0167354,77.6363977,1287,0
Unnamed,12.9690331,77.7493353,331,0
Unnamed,12.9347623,77.7206601,1050,0
Unnamed,13.1641245,77.6295219,1351,1
Unnamed,13.0299058,77.6512379,473,0
Unnamed,12.9532195,77.6893818,1233,1
Unnamed,12.9336065,77.6970865,1168,0
Unnamed,12.9517049,77.6417407,1136,0
Unnamed,12.8988317,77.7531691,975,0
MLCP,13.013734,77.5559627,1267,0
Unnamed,13.1343883,77.5687227,1146,1
Unnamed,12.974217,77.7188766,385,1
Unnamed,12.9593363,77.726756,1329,0
Unnamed,12.9401129,77.5960182,1115,1
Unnamed,12.9516854,77.6438005,957,1
Unnamed,12.9272521,77.6323738,1375,0
Unnamed,12.9808426,77.7165036,1221,1
Unnamed,12.9363252,77.6941511,1006,1
Unnamed,12.957807,77.6145188,716,0
Unnamed,13.1443752,77.6805845,1085,0
Unnamed,13.0138435,77.5556843,1093,0
Bike Parking,12.9786886,77.5707255,1155,1
Unnamed,12.8722996,77.6103144,1184,1
Unnamed,12.9789069,77.661054,351,0
Unnamed,12.9285587,77.6844647,1386,0
Unnamed,12.9292584,77.6839666,332,1
Unnamed,12.8742801,77.6184498,1406,1
Unnamed,12.936313,77.6937357,494,1
Unnamed,12.8175612,77.6908371,832,1
Unnamed,12.9151546,77.6633953,730,1
Unnamed,12.8741808,77.6185403,880,1
Unnamed,13.049731,77.6234394,1390,0
MLCP,13.0497007,77.6196542,1203,0
Unnamed,12.9574956,77.6447377,58,0
Unnamed,12.896121,77.5994696,403,1
Unnamed,12.9757582,77.5881768,1385,0
Unnamed,12.8708095,77.6609766,268,0
Unnamed,12.9684729,77.5921395,441,0
Unnamed,13.0718568,77.6579962,732,0
Unnamed,12.981438,77.6403652,23,0
Unnamed,12.8930358,77.6015096,513,1
Unnamed,13.0575848,77.5928122,421,0
Unnamed,13.0438297,77.5956507,175,0
Unnamed,12.8998789,77.668308,1173,1
Unnamed,12.9542679,77.5715111,80,0
Unnamed,13.0292759,77.5416797,380,0
Unnamed,12.9560629,77.7214253,1149,1
Unnamed,12.9876967,77.6863405,450,0
Unnamed,13.0824608,77.642568,1135,0
Unnamed,13.0210697,77.7650932,119,0
Unnamed,13.1454186,77.678868,853,0
Unnamed,13.0273537,77.5701989,1003,1
Unnamed,12.9204804,77.666925,760,0
Unnamed,12.9668617,77.6120194,577,1
Unnamed,12.9924592,77.7267347,516,1
Unnamed,12.9981325,77.5573061,1254,0
Unnamed,12.9194694,77.5987574,1371,1
Unnamed,12.9729805,77.7234997,782,1
Unnamed,12.9124261,77.6803709,1316,0
Unnamed,12.8623885,77.610949,1074,1
Unnamed,12.9204146,77.6823675,706,0
Unnamed,12.9423393,77.5967958,264,0
Unnamed,12.8864477,77.5959876,365,1
HSR Layout BDA Complex,12.914374,77.6372124,349,0
Unnamed,12.8740978,77.6181608,1118,1
Unnamed,12.8566723,77.5403879,362,1
Unnamed,12.9812522,77.7154076,361,1
Unnamed,12.9789069,77.661054,587,1
Parking for Doctors and Staff,12.9582774,77.6484206,1125,1
Unnamed,12.9094591,77.5658464,1152,1
Bhagini Iris Parking,12.9555691,77.7291025,781,1
S V Road Metro Station Parking,12.9854707,77.6450177,112,0
Infosys Car Parking,12.8483467,77.6615861,337,0
Unnamed,13.1448897,77.6806971,900,0
Unnamed,12.8954558,77.6569494,1404,1
Visitor's Parking,13.0605689,77.6414038,1290,0
Unnamed,12.9765985,77.6988308,351,1
Unnamed,12.8988317,77.7531691,621,1
Unnamed,12.9931191,77.6111661,1370,0
Unnamed,13.0508798,77.5958679,1415,1
Unnamed,13.1245287,77.5464207,425,0
Unnamed,13.0055636,77.692097,1214,0
Unnamed,12.9664352,77.7200148,452,1
MLCP,13.0480676,77.623598,745,1
Unnamed,12.9145156,77.6667251,124,0
Unnamed,12.9995786,77.5888588,1435,0
Unnamed,12.9613563,77.6845241,1000,1
Unnamed,12.977199,77.7100513,338,1
Unnamed,12.9277775,77.6813608,660,1
Unnamed,12.9054163,77.7062586,709,0
Unnamed,12.9361016,77.6963878,1344,1
Unnamed,12.9735775,77.6075216,1263,1
Unnamed,12.8649185,77.6096985,809,0
Unnamed,12.923,77.4984326,291,0
Unnamed,12.9560202,77.7168393,880,0
Unnamed,12.8647497,77.6116913,57,0
Unnamed,12.9175053,77.6717526,1173,1
Unnamed,12.9136919,77.6789029,326,0
Unnamed,12.909283,77.687667,101,0
Unnamed,12.959086,77.7175223,314,0
RMZ NXT Visitor's Parking,12.9785653,77.7114359,780,0
Unnamed,13.141357,77.6823224,857,1
Unnamed,12.9648033,77.7233981,371,1
Unnamed,12.9931191,77.6111661,521,1
Unnamed,12.9618393,77.7168105,1215,1
Unnamed,12.9238246,77.6655455,1338,0
Unnamed,12.9597476,77.7169071,758,0
Unnamed,12.9663931,77.5745407,1338,0
Unnamed,12.9593363,77.726756,312,1
Unnamed,12.9319897,77.6935726,967,0
Unnamed,12.8962348,77.5410935,1419,1
Unnamed,12.9403377,77.6883525,453,1
Unnamed,12.9564181,77.7102317,127,0
Multi level Car parking,12.9922795,77.7301365,721,1
Unnamed,12.9701015,77.6105053,1288,0
Unnamed,12.872188,77.6097919,393,0
Unnamed,12.9264859,77.678354,709,1
Unnamed,12.8727008,77.649204,1222,1
Unnamed,12.9302626,77.6115494,842,0
Unnamed,13.0424465,77.616481,428,0
Unnamed,12.9807185,77.7201609,857,0
Unnamed,12.9136791,77.6520414,344,0
Unnamed,13.0433157,77.6641581,276,0
Unnamed,13.0460006,77.500313,1082,1
Unnamed,12.9911737,77.5952278,1017,0
Unnamed,12.9806569,77.6300852,293,1
Unnamed,13.0286374,77.5681712,161,1
Unnamed,12.9935199,77.5982521,461,1
Unnamed,12.9253012,77.6655021,1186,0
Unnamed,12.8714816,77.6618344,480,1
Unnamed,12.9767062,77.7425082,901,1
Unnamed,13.0459998,77.7493771,424,1
Unnamed,13.0459435,77.500712,754,0
Unnamed,12.8887734,77.5963255,1102,1
Unnamed,12.9765985,77.6988308,1373,0
Unnamed,12.8649286,77.6098073,1203,0
Unnamed,12.9857963,77.7514293,1276,1
Unnamed,12.9787748,77.5874357,947,0
Unnamed,12.9792089,77.5881985,1108,1
Unnamed,13.1823,77.7235709,1404,0
Unnamed,12.9940764,77.7061392,1136,0
Unnamed,12.8567253,77.5407619,1209,0
Unnamed,12.9812417,77.7141389,349,0
Unnamed,12.7912557,77.730637,13,0
BMS College Parking,12.9415122,77.5665212,1355,0
Unnamed,12.8621938,77.6653144,1415,1
Unnamed,12.9195329,77.6681762,858,0
Unnamed,13.1776603,77.7224387,380,0
Unnamed,12.981109,77.6095309,846,0
Unnamed,12.9566862,77.7324099,960,0
Bike Parking,12.9786886,77.5707255,1056,0
Unnamed,12.9732116,77.6218456,1174,0
Unnamed,12.9732116,77.6218456,971,1
Unnamed,12.9363252,77.6941511,441,0
RMZ NXT Visitor's Parking,12.9785653,77.7114359,1052,1
Unnamed,12.9875327,77.7348527,1236,0
Unnamed,12.9664352,77.7200148,1386,0
Unnamed,12.9597467,77.7304628,750,0
Unnamed,13.0012299,77.6180941,1265,1
Unnamed,12.8957113,77.4626268,351,1
Unnamed,12.8822262,77.4691817,1310,0
Unnamed,12.9094562,77.6871514,1323,0
Unnamed,12.9342282,77.6042845,157,1
Bhagini Parking Lot,12.9590955,77.6548097,1371,1
Unnamed,12.8755358,77.5446708,1402,1
Unnamed,12.9631427,77.7249586,243,0
Unnamed,12.9099868,77.6860154,744,1
Unnamed,12.9881267,77.6939017,1252,0
Visitor Parking,12.9943836,77.7054883,253,0
Unnamed,12.9198798,77.6853461,850,0
Unnamed,12.95703,77.581836,1077,1
Unnamed,12.9746238,77.6919246,1282,0
Unnamed,13.1452711,77.6807494,1328,0
Alliance Francaise Parking,12.9917805,77.5970422,229,0
Unnamed,12.9338103,77.7223083,931,1
Unnamed,12.9746238,77.6919246,1031,1
Unnamed,12.9592958,77.6490487,230,0
Unnamed,12.9268676,77.6813324,1416,0
Unnamed,12.9292584,77.6839666,983,0
Unnamed,12.9566466,77.6420331,236,0
Unnamed,12.7912557,77.730637,1428,1
Unnamed,12.9385733,77.7258887,1105,1
Unnamed,12.9445647,77.6942024,253,0
Nagasandra Metro Station Parking,13.0483046,77.5009929,1370,1
Unnamed,13.0162431,77.5668329,844,1
Unnamed,12.955524,77.717437,356,1
Unnamed,12.9565792,77.7194465,364,1
Unnamed,12.9858304,77.7025739,309,0
MLCP,13.1276634,77.6181199,923,0
Unnamed,12.9238246,77.6655455,1312,1
Unnamed,12.9235468,77.4999966,478,0
Public Parking,12.9427192,77.5947846,1272,1
Unnamed,13.0708604,77.5027661,1065,0
Unnamed,12.9610991,77.7169517,1074,0
Unnamed,12.9959122,77.7303369,932,1
MLCP,13.1265402,77.5865892,1124,1
Unnamed,12.9024039,77.6861704,860,0
Unnamed,12.9596884,77.646585,230,0
Unnamed,12.9556921,77.7149651,533,1
Unnamed,12.9136474,77.652461,490,1
Unnamed,12.9180321,77.6716196,1265,1
Unnamed,12.8836516,77.5485198,1126,0
Unnamed,12.9136474,77.652461,868,0
Unnamed,13.1411389,77.6822546,1376,1
Unnamed,12.9955423,77.7280911,1403,1
Unnamed,13.0462389,77.7492148,1244,1
Unnamed,12.9674723,77.7142297,354,0
Unnamed,12.9146525,77.6760493,791,1
Unnamed,12.9851393,77.5910419,1434,0
Unnamed,12.904298,77.6643139,464,1
Unnamed,12.9584788,77.5929537,588,1
Unnamed,12.961761,77.6848525,270,0
Unnamed,12.9661296,77.6139346,822,1
Unnamed,12.9851393,77.5910419,300,1
Unnamed,13.0001079,77.5713779,950,0
Unnamed,12.9178005,77.672108,1108,1
Live100 Parking,12.8790359,77.6453553,1323,0
Unnamed,12.9381668,77.5160725,327,1
Unnamed,12.9077815,77.5640714,1410,0
Unnamed,12.9177249,77.5013217,1159,0
Unnamed,13.0126035,77.7614239,1264,0
Unnamed,12.9746934,77.6064538,391,1
Unnamed,13.1160897,77.6069999,748,0
Unnamed,12.9491325,77.5919626,1317,0
Unnamed,12.9560202,77.7168393,472,1
Unnamed,12.9560709,77.7187894,1427,1
Unnamed,12.9144446,77.6370005,1077,1
Unnamed,13.0998944,77.5889863,1144,1
Unnamed,12.9747371,77.5964463,1205,1
Unnamed,12.9765555,77.7171958,1392,0
Unnamed,12.9175053,77.6717526,923,0
Unnamed,12.8653516,77.6099964,729,0
Unnamed,12.9395769,77.6278967,858,0
Unnamed,13.0813521,77.6406169,952,0
Unnamed,13.0100931,77.5568588,374,1
Unnamed,13.0004357,77.67531,1038,0
Unnamed,12.9674164,77.5744481,197,0
Unnamed,12.9522147,77.7239571,585,1
Unnamed,12.885968,77.6431677,96,0
Unnamed,12.9618393,77.7168105,799,0
Unnamed,12.9374682,77.6950557,44,0
Unnamed,12.9777819,77.6590894,683,1
Unnamed,12.8738644,77.6196031,1001,1
Unnamed,12.97249,77.7173883,238,1
Unnamed,12.9421915,77.6972025,704,0
Unnamed,12.9383979,77.6262855,998,0
Unnamed,12.9868145,77.5909339,1341,1
Unnamed,12.885968,77.6431677,802,1
Unnamed,13.1938134,77.6445445,282,0
Unnamed,12.9401129,77.5960182,1184,0
Unnamed,13.1282654,77.5867303,1303,0
Unnamed,12.906206,77.5868938,1074,0
Unnamed,12.9375224,77.6955083,415,0
Unnamed,12.8769328,77.5431615,812,0
Unnamed,12.9564581,77.6439992,1108,0
Unnamed,12.8397461,77.6643203,857,1
Unnamed,13.0103385,77.5490758,271,0
Unnamed,12.9485706,77.6444333,473,1
Unnamed,12.9333895,77.6895095,666,1
Unnamed,12.9198798,77.6853461,629,1
Unnamed,12.9472659,77.7182218,1219,0
Unnamed,12.9625463,77.5750835,767,0
Unnamed,13.1362075,77.5592601,663,0
Unnamed,12.9812558,77.6142756,358,1
Unnamed,12.9744674,77.6056743,891,0
Unnamed,12.9718981,77.7262757,642,1
Unnamed,12.9564556,77.7103785,184,0
Unnamed,13.0608156,77.6600374,1073,1
Unnamed,12.8397883,77.6646709,477,0
Unnamed,12.9298499,77.6105745,748,1
Unnamed,12.9405228,77.5754741,809,1
Unnamed,13.0421887,77.609782,253,0
Unnamed,12.9243168,77.6816506,586,1
Unnamed,12.9883553,77.5601895,1265,0
Unnamed,12.874897,77.6100203,1089,1
Unnamed,12.9725006,77.6432842,318,0
Unnamed,12.9974853,77.5971871,229,0
Unnamed,13.1852505,77.680881,674,0
Unnamed,12.9119032,77.6816953,482,1
Unnamed,13.0126035,77.7614239,1238,1
Unnamed,12.957002,77.7058803,1223,0
Unnamed,12.9111218,77.6763148,752,0
Unnamed,12.8567253,77.5407619,689,1
Unnamed,12.9331803,77.6132694,1179,0
Unnamed,12.9310558,77.6787008,1309,0
Unnamed,12.9064077,77.5924803,1151,0
Unnamed,12.9596709,77.6664707,336,0
Unnamed,12.9437571,77.6052945,315,1
Unnamed,12.9690886,77.7353979,310,1
Unnamed,12.9190287,77.6681436,387,0
Unnamed,12.8622133,77.6113902,647,1
Unnamed,12.9091485,77.5680739,475,1
Visitor Car parking,13.0632329,77.7493726,428,1
Unnamed,13.0290841,77.5653317,426,0
Unnamed,12.8950497,77.656782,294,1
Unnamed,12.9161047,77.6653999,369,1
Unnamed,12.9832408,77.5196867,216,0
Unnamed,12.9432585,77.699732,713,0
Unnamed,12.91454,77.6784999,152,0
Unnamed,12.8008177,77.5781215,1125,0
Unnamed,12.9145156,77.6667251,481,1
Unnamed,12.9908676,77.5832444,579,1
Unnamed,13.0482532,77.5285824,60,0
Unnamed,12.9272521,77.6323738,1258,1
Unnamed,12.9271599,77.5026526,1163,0
Unnamed,12.8708095,77.6609766,1192,1
Unnamed,12.9136919,77.6789029,492,1
Unnamed,12.9941533,77.584946,318,1
Unnamed,12.8966439,77.5698511,714,1
Unnamed,13.0128061,77.7610249,378,1
Unnamed,12.9375767,77.6951516,515,1
NMIT Bus Parking,13.1313995,77.5901325,271,0
Unnamed,12.9330896,77.6860077,1121,0
Unnamed,12.8739625,77.6196581,458,1
Unnamed,13.0128061,77.7610249,976,0
Unnamed,13.141357,77.6823224,1437,0
Unnamed,12.9665139,77.69879,919,1
Wipro SEZ Car Parking,12.8390579,77.6534187,1132,1
Unnamed,12.989219,77.5881992,863,1
Unnamed,12.9883027,77.7073494,1366,0
Unnamed,12.9544302,77.517345,787,0
Unnamed,12.9181393,77.4986178,824,1
BBMP Parking,12.9807726,77.6029595,880,1
Unnamed,12.9016036,77.7068958,968,1
Unnamed,12.8843772,77.7265518,412,0
Unnamed,12.9719287,77.7116831,953,1
Whitefield Station Car Park,12.9969162,77.7613581,143,0
Unnamed,12.9842994,77.6936143,779,0
Unnamed,12.9752218,77.6030152,1278,0
Unnamed,12.9434479,77.6978145,1161,1
Unnamed,13.0154096,77.6509149,1052,1
Unnamed,12.9432585,77.699732,1193,1
Unnamed,13.043313,77.5448003,1403,0
Unnamed,12.9809596,77.7162014,321,0
Unnamed,13.1187721,77.5955505,5,1
Unnamed,12.8993298,77.748667,667,0
Unnamed,12.9845821,77.5831199,395,0
Faculty Parking,12.9667335,77.7121018,951,1
Unnamed,13.0426349,77.6509112,1092,0
Unnamed,12.9181445,77.6713817,782,1
Unnamed,12.8588297,77.6626939,288,1
Unnamed,12.865004,77.6111548,294,1
NMIT Bus Parking,13.1313995,77.5901325,436,1
Unnamed,13.0323596,77.6306873,329,1
Unnamed,12.8177174,77.6906414,800,0
Unnamed,12.925479,77.6819295,1198,1
Unnamed,12.8739696,77.6186416,57,0
Metro Cash & Carry Parking,12.9268686,77.5025614,1322,0
Unnamed,12.9092778,77.663822,729,0
Unnamed,12.8729878,77.6179945,9,0
Unnamed,12.9380729,77.7233979,762,0
Unnamed,12.9467034,77.6192239,1261,1
Unnamed,12.9564581,77.6439992,137,1
Unnamed,12.989219,77.5881992,1106,0
Unnamed,12.9812417,77.7141389,701,1
Unnamed,12.9843513,77.7510649,687,0
Unnamed,12.8720059,77.6107726,1165,0
Unnamed,12.9874446,77.7284196,1386,0
Unnamed,12.9772682,77.6002223,393,1
Unnamed,13.1458339,77.6801205,896,0
Unnamed,13.0344495,77.5347058,1365,0
Unnamed,12.9246268,77.681488,1058,1
Unnamed,13.1411389,77.6822546,1036,0
Unnamed,12.9853606,77.5898794,26,0
Unnamed,12.9876967,77.6863405,945,1
Vydhehi Hospital Parking,12.9763584,77.7273869,482,1
Unnamed,12.9842994,77.6936143,1335,1
Unnamed,13.145685,77.6781517,236,1
Unnamed,12.9981325,77.5573061,1134,1
Unnamed,12.9163635,77.6127752,1000,0
Unnamed,12.923,77.4984326,194,1
Infosys Car Parking,12.8423943,77.6603118,187,0
Visitors' parking,12.958048,77.6478068,677,1
Unnamed,12.8397883,77.6646709,236,1
Unnamed,13.0155824,77.7625736,702,0
Multi-Level Car Parking,12.9436708,77.6922842,1348,0
Unnamed,13.0989167,77.5821729,721,0
Unnamed,12.9790695,77.7240592,341,1
Unnamed,13.0459998,77.7493771,362,0
Unnamed,12.9054163,77.7062586,856,1
Unnamed,12.9244693,77.6400492,107,0
Unnamed,12.9142594,77.6771939,760,1
Unnamed,12.9564344,77.7131333,463,0
Unnamed,12.9743292,77.5959768,138,1
Unnamed,12.9802489,77.7137729,1264,1
Unnamed,12.9988593,77.6409942,2,0
Unnamed,12.9755667,77.6041393,1320,1
Unnamed,12.9405228,77.5754741,1156,0
Unnamed,13.0611442,77.6597545,745,1
Unnamed,12.8933972,77.5812782,341,1
Unnamed,13.0085476,77.692047,946,1
Unnamed,12.9299847,77.7373955,1241,0
Unnamed,12.9097058,77.6807573,1342,1
Unnamed,13.1222342,77.5916367,464,0
Unnamed,13.1944226,77.6958967,1319,1
Unnamed,12.9200694,77.6670111,119,0
Unnamed,12.9615636,77.7322223,1241,0
Unnamed,12.9570354,77.7354039,905,1
Unnamed,13.0294273,77.5701202,903,0
Unnamed,12.9844761,77.6919463,124,0
Unnamed,12.9380729,77.7233979,353,1
Unnamed,12.95703,77.581836,704,0
Unnamed,12.9572309,77.736623,719,0
Unnamed,12.9974853,77.5971871,1054,1
Unnamed,12.8540815,77.6596954,354,0
Unnamed,12.9937384,77.7004239,428,0
Unnamed,12.936313,77.6937357,981,0
Unnamed,12.9671814,77.5700618,908,1
Unnamed,13.1282646,77.5867656,1154,0
Unnamed,12.9200373,77.6964976,311,1
Unnamed,12.8958428,77.5412227,57,0
Unnamed,12.9567904,77.7459607,1396,1
MLCP,13.0513852,77.6207577,1303,1
Unnamed,13.0460006,77.500313,439,0
Unnamed,12.9509117,77.6990772,1266,0
Unnamed,12.8175612,77.6908371,102,0
Unnamed,12.941345,77.6900547,1424,0
Car Parking,13.0634054,77.7488946,1037,0
Unnamed,12.9747371,77.5964463,820,0
Unnamed,12.9578529,77.6152553,276,0
